<config>
  <server>
    <authenticationSiteName>bossitemgr</authenticationSiteName>
    <stashURL>http://azpoc.westus.cloudapp.azure.com/stash</stashURL>
    <staticURL>http://azpoc.westus.cloudapp.azure.com/web</staticURL>
    <validOrigins>
      <url>https://azpoc.westus.cloudapp.azure.com</url>
      <url>http://azpoc.westus.cloudapp.azure.com</url>
    </validOrigins>
  </server>
  <connections>
    <rps>
      <retailwebapi>
        <application>retailwebapi</application>
        <address>http://Node/WS-RetailWebAPI</address>
      </retailwebapi>
      <bossitemgr>
        <application>bossitemgr</application>
        <address>http://Node/WS-BOSSiteManager</address>
      </bossitemgr>
      <bosSM>
        <application>srclient</application>
        <address>http://Node/WS-BOSSiteManager</address>
      </bosSM>
      <esosystemadmin>
        <application>esosystemadmin</application>
        <address>http://Node/WS-ESOSystemAdmin</address>
      </esosystemadmin>
      <esopricingadmin>
        <application>esopricingadmin</application>
        <address>http://Node/WS-ESOPricingAdmin</address>
      </esopricingadmin>
      <esositemanagerapi>
        <application>esositemanagerapi</application>
        <address>http://Node/WS-ESOSiteManagerAPI</address>
      </esositemanagerapi>
    </rps>
  </connections>
  <db>
    <type>SQLSERVER</type>
    <jdbcUrl>jdbc:jtds:sqlserver://JDA-SQL;databaseName=demo_wfm_refs</jdbcUrl>
    <user>hu_demo_wfm</user>
    <password>69WtDESEzneC8vX3</password>
    <dboUser>hu_demo_wfm</dboUser>
    <dboPassword>69WtDESEzneC8vX3</dboPassword>
  </db>
  <client>
    <domain>azpoc.westus.cloudapp.azure.com</domain>
    <inactivityTimeoutMinutes>30</inactivityTimeoutMinutes>
    <language-mappings>
     <map name="English">en</map>
     </language-mappings>
  </client>
</config>